itsmefray,d0af3c11-39e1-4c6f-9ae5-7d89aa3682cf
zargon_king,713cae7a-ef6d-4a06-8922-4741459c12bc
thatcraftlife,474707f7-f8b4-43ea-8978-9cae17917e82
andreimcu,2db62a35-6065-4c2c-964d-efc5e0ace18a
god_doesnt_exist,87fb3c6c-5ff6-4bf6-b326-992c6137ea12
umbyy,e58af273-6453-47ae-b01d-c05f9210f38c
bajanmessiah,c1eb6ebb-050b-42e8-8412-ab718790795b
emmettgaming,66edaf7d-94e7-44cf-9d99-34d3ad90594e
spyjay_yt,f9e418bf-9c4f-47af-a963-310bff20bc36
hirati,6aa14ed1-ea5b-46fa-afef-1622d58405e7
toofluffy,9cb07b82-4d2f-446f-b194-4f83dee1e02f
dafunkymunke,02893800-0a93-497d-8b0e-7f9a56b1fb05
moomoothepirate,544f8c9c-f07d-45cd-9f24-e93660cb4162
fanawtik,5d34f7bb-2cb5-4405-80de-311b5a823c3c
adambash,4087bc7f-c213-47df-bf2d-41650030be45
regner_21,7fb79d98-7f69-47cf-9cb0-18d31100d39a
flamesyoutube,c250dac5-45e1-4950-aa25-9435ec4d772b
maydayparker,93ed17f6-5086-4fae-8803-f5619368ce99
spid0207,ee6fa23c-2eef-4a1c-95e0-2df5588bf3af
batman_dcu,222c7f9b-6d5f-4e7c-9715-f17dba22a8c7
_wonderbat_,c8b88131-52d4-4af0-9593-ddcdb3d56058
orcgraid,4a870d7f-861e-4c2d-8f2f-bc57b93486c9
alfiemc007,52042d75-faf5-43ef-980c-e28b650b5dfe
factions_god,1f7ca261-1028-4d15-bded-ed4afb39b58e
melonjqueen,db9bd947-ef73-4714-8df5-5906089b6115
agent__cj,21137121-dd4d-4d49-9139-eeab8f720c64
demonisef,18444ae9-d5f7-4bfa-aded-4bdcaf8a1e0b
night_hawkgamer,6a72cd90-473c-4544-b3d4-0f08ff0a5ead
spidermanmcu,6256f9c6-0dbd-4a48-b634-8574ac7a4f32
sykaos,278e50b6-c804-406b-9846-cd58dd14ef17
solvinq,68dfdeae-7a11-4264-9182-09f45f1c2a7a
moosei,8b1b6786-3543-4711-ba56-045f6daf111d
bloodcorn,a67d7b7a-337b-44ad-82d5-0a6d678d729c
wethemineguy,352d9f26-f1da-4914-a366-79f3aa40e283
